,balanced_accuracy,f1_0,f1_1,f1_2
0,0.35585185185185186,0.0,0.24347826086956523,0.7037037037037037
