,balanced_accuracy,f1_0,f1_1,f1_2
0,0.3598518518518518,0.0,0.3382352941176471,0.6866666666666666
