,balanced_accuracy,f1_0,f1_1,f1_2
0,0.4122962962962962,0.14814814814814814,0.24793388429752067,0.7066666666666667
