,balanced_accuracy,f1_0,f1_1,f1_2
0,0.3751111111111111,0.1111111111111111,0.44660194174757284,0.47572815533980584
