,balanced_accuracy,f1_0,f1_1,f1_2
0,0.3505185185185185,0.0,0.23931623931623933,0.6956521739130435
