,balanced_accuracy,f1_0,f1_1,f1_2
0,0.337037037037037,0.0,0.02197802197802198,0.7183908045977011
