,balanced_accuracy,f1_0,f1_1,f1_2
0,0.5299259259259259,0.18461538461538463,0.3140495867768595,0.6793893129770993
