,balanced_accuracy,f1_0,f1_1,f1_2
0,0.3474074074074074,0.0,0.1981981981981982,0.7012195121951219
