,balanced_accuracy,f1_0,f1_1,f1_2
0,0.3333333333333333,0.0,0.0,0.7163323782234957
