,balanced_accuracy,f1_0,f1_1,f1_2
0,0.44503703703703695,0.13333333333333333,0.425,0.6419753086419753
